{
	"format_version": "1.8.0",
	"animations": {
		"animation.sea_king.idle": {
			"loop": true,
			"animation_length": 1.5417,
			"bones": {
				"tail": {
					"rotation": {
						"0.0": [0, 0, 0],
						"0.75": [-2.5, 0, 0],
						"1.5417": [0, 0, 0]
					},
					"position": {
						"0.0": [0, 0, 0],
						"0.75": [0, 0, -1],
						"1.5417": [0, 0, 0]
					}
				},
				"mid": {
					"position": {
						"0.0": [0, 0, 0],
						"0.75": [0, 1, 0],
						"1.5417": [0, 0, 0]
					}
				},
				"left_wings": {
					"rotation": {
						"0.0": [0, 0, 0],
						"0.75": [0, 7.5, 0],
						"1.5417": [0, 0, 0]
					}
				},
				"right_wings": {
					"rotation": {
						"0.0": [0, 0, 0],
						"0.75": [0, -7.5, 0],
						"1.5417": [0, 0, 0]
					}
				},
				"left_hand": {
					"rotation": {
						"0.0": [0, 0, 0],
						"0.75": [2.5, 0, 0],
						"1.5417": [0, 0, 0]
					}
				},
				"jew": {
					"rotation": {
						"0.0": [0, 0, 0],
						"0.75": [7.5, 0, 0],
						"1.5417": [0, 0, 0]
					}
				},
				"right_hand": {
					"rotation": {
						"0.0": [0, 0, 0],
						"0.75": [5, 0, 0],
						"1.5417": [0, 0, 0]
					}
				},
				"left_eyes": {
					"rotation": [0, 0, 2.5],
					"position": [0, 0, 4]
				},
				"_right_eyes": {
					"rotation": [0, 0, -7.5],
					"position": [0, 0, 3]
				}
			}
		},
		"animation.sea_king.attack": {
			"loop": true,
			"animation_length": 1.66667,
			"bones": {
				"mid": {
					"rotation": {
						"0.0": [0, 0, 0],
						"1.0417": [0, 32.5, 0],
						"1.25": [0, 0, 0]
					},
					"position": {
						"0.0": [0, 0, 0],
						"1.0417": [0, 0, -2],
						"1.25": [-2, 0, -2]
					}
				},
				"left_hands_center": {
					"rotation": {
						"0.0": [0, 0, 0],
						"1.1667": [-5, 7.5, 0],
						"1.25": [7.5, 7.5, 0]
					},
					"position": {
						"0.0": [0, 0, 0],
						"1.1667": [-3, 2, 1],
						"1.25": [-3, 1, -1]
					}
				},
				"right_hand": {
					"rotation": {
						"0.0": [0, 0, 0],
						"1.0": [0, 0, 77.5],
						"1.25": [30, 0, 77.5],
						"1.5": [165.2404, -82.14487, -101.46447]
					},
					"position": {
						"0.0": [0, 0, 0],
						"1.25": [4, 0, 0]
					}
				},
				"right_hands_center": {
					"rotation": {
						"0.0": [0, 0, 0],
						"1.25": [13.55138, 43.82577, 64.50564]
					},
					"position": {
						"0.0": [0, 0, 0],
						"1.25": [-12, 10, 4]
					}
				},
				"left_wings": {
					"rotation": {
						"0.0": [0, 0, 0],
						"1.0417": [0, 50, 0],
						"1.3333": [0, 0, 0]
					},
					"position": {
						"0.0": [0, 0, 0],
						"1.0417": [7, 0, 0],
						"1.3333": [0, 0, 0]
					}
				},
				"right_wings": {
					"rotation": {
						"0.0": [0, 0, 0],
						"1.0417": [0, -47.5, 0],
						"1.2083": [0, 0, 0]
					},
					"position": {
						"0.0": [0, 0, 0],
						"1.0417": [2, 0, 5],
						"1.2083": [0, 0, 0]
					}
				},
				"left_hand_wrist": {
					"rotation": {
						"0.0": [0, 0, 0],
						"1.25": [35, 0, 0]
					},
					"position": {
						"0.0": [0, 0, 0],
						"1.1667": [0, 1.6, 0.6],
						"1.25": [0, 2, 0]
					}
				},
				"jew": {
					"rotation": {
						"0.0": [0, 0, 0],
						"0.75": [7.9, 0, 0],
						"1.2917": [5, 0, 0],
						"1.5417": [0, 0, 0]
					}
				},
				"Tail1": {
					"rotation": {
						"0.0": [0, 0, 0],
						"0.75": [0, 27.5, 0],
						"1.0": [0, 30.29, 0],
						"1.4583": [0, 0, 0]
					},
					"position": {
						"0.0": [0, 0, 0],
						"0.75": [6, 0, 0],
						"1.0": [5.88, 0, -1],
						"1.4583": [0, 0, 0]
					}
				},
				"Tail2": {
					"rotation": {
						"0.0": [0, 0, 0],
						"0.75": [0, -15, 0],
						"1.4583": [0, 0, 0]
					},
					"position": {
						"0.0": [0, 0, 0],
						"0.75": [-1, -1, 0],
						"1.4583": [0, 0, 0]
					}
				},
				"Tail3": {
					"rotation": {
						"0.0": [0, 0, 0],
						"0.75": [0, -20, 0],
						"1.4583": [0, 0, 0]
					},
					"position": {
						"0.0": [0, 0, 0],
						"0.75": [-5, 0, -4],
						"1.4583": [0, 0, 0]
					}
				},
				"Tail4": {
					"rotation": {
						"0.0": [0, 0, 0],
						"0.75": [0, -7.5, 0],
						"1.4583": [0, 0, 0]
					},
					"position": {
						"0.0": [0, 0, 0],
						"0.75": [-2, 0, 0],
						"1.4583": [0, 0, 0]
					}
				},
				"head": {
					"rotation": {
						"0.0": [0, 0, 0],
						"0.75": [-7.61435, 9.91358, -1.31845],
						"0.8333": [0, 0, 0]
					}
				},
				"tail": {
					"position": {
						"0.0": [0, 0, 0],
						"1.0417": [-2, 0, -1]
					}
				},
				"left_hand": {
					"rotation": {
						"0.0": [0, 0, 0],
						"1.3333": [0, 0, 0],
						"1.4167": [17.5, 0, 0]
					}
				},
				"left_eyes": {
					"rotation": {
						"0.2083": [0, 0, 7.5],
						"0.2917": [0, 0, 0],
						"0.3333": [0, 0, 7.5]
					},
					"position": {
						"0.0": [0, 0, 0],
						"0.2917": [0.2, 0, 0]
					}
				},
				"_right_eyes": {
					"rotation": {
						"0.2083": [0, 0, -2.5],
						"0.2917": [0, 0, 0],
						"0.3333": [0, 0, -2.5]
					},
					"position": {
						"0.0": [0, 0, 0],
						"0.2917": [-0.2, 0, 0],
						"0.3333": [0, 0, 0]
					}
				}
			}
		},
		"animation.sea_king.walk": {
			"loop": true,
			"animation_length": 2,
			"bones": {
				"root": {
					"position": {
						"0.0": [0, 0, 0],
						"0.5": [0, 1, 0],
						"1.0": [0, 0, 0],
						"1.5": [0, 1, 0],
						"2.0": [0, 0, 0]
					}
				},
				"Tail1": {
					"rotation": {
						"0.0": [0, 0, 0],
						"0.5": [0, -15, 0],
						"1.0": [0, 0, 0],
						"1.5": [0, 10, 0],
						"2.0": [0, 0, 0]
					}
				},
				"Tail2": {
					"rotation": {
						"0.0": [0, 0, 0],
						"0.5": [0, 5, 0],
						"1.8333": [0, 2.5, 0]
					},
					"position": {
						"0.0": [0, 0, 0],
						"1.8333": [0, 0, 0]
					}
				},
				"Tail3": {
					"rotation": {
						"0.0": [0, 0, 0],
						"0.5": [0, 5, 0],
						"1.0": [0, -7.5, 0],
						"1.5": [0, -10, 0],
						"2.0": [0, 0, 0]
					},
					"position": {
						"0.0": [0, 0, 0],
						"0.5": [1, 0, 0],
						"1.0": [-2, 0, 0],
						"1.5": [-2, 0, 0],
						"2.0": [0, 0, 0]
					}
				},
				"Tail4": {
					"rotation": {
						"0.0": [0, 0, 0],
						"0.5": [0, 7.5, 0],
						"1.0": [0, -5, 0]
					},
					"position": {
						"0.0": [0, 0, 0],
						"0.5": [2, 0, 0],
						"1.0": [-1, 0, 0]
					}
				},
				"mid": {
					"rotation": {
						"0.0": [0, 0, 0],
						"0.5": [0, -12.5, 0],
						"1.0": [0, 0, 0],
						"1.5": [0, 12.5, 0],
						"2.0": [0, 0, 0]
					},
					"position": {
						"0.0": [0, 0, 0],
						"0.5": [2, 0, 0],
						"1.0": [0, 0, 0],
						"1.5": [-1, 0, 0],
						"2.0": [0, 0, 0]
					}
				},
				"left_wings": {
					"rotation": {
						"0.0": [0, 0, 0],
						"0.5": [0, 5, 0],
						"1.0": [0, 7.5, 0],
						"1.5": [0, 15, 0],
						"2.0": [0, 0, 0]
					}
				},
				"right_wings": {
					"rotation": {
						"0.0": [0, 0, 0],
						"0.5": [0, -15, 0],
						"1.0": [0, 0, 0],
						"1.5": [0, -15, 0],
						"2.0": [0, 0, 0]
					}
				},
				"left_hand": {
					"rotation": {
						"0.0": [0, 0, 0],
						"0.5": [10, 0, 0],
						"1.0": [0, 0, 0],
						"1.5": [-5, 0, 0],
						"2.0": [0, 0, 0]
					}
				},
				"jew": {
					"rotation": {
						"1.0417": [0, 0, 0],
						"1.4167": [7.5, 0, 0],
						"1.75": [0, 0, 0]
					}
				},
				"right_hand": {
					"rotation": {
						"0.0": [0, 0, 0],
						"0.5": [-5, 0, 0],
						"1.0": [0, 0, 0],
						"1.5": [5, 0, 0],
						"2.0": [0, 0, 0]
					}
				},
				"left_eyes": {
					"rotation": {
						"0.875": [0, 0, 2.5],
						"0.9583": [0, 0, -2.5],
						"1.0417": [0, 0, 5]
					},
					"position": {
						"0.0": [0, 0, 0],
						"0.9583": [0.1, 0, 0]
					}
				},
				"_right_eyes": {
					"rotation": {
						"0.875": [0, 0, -2.5],
						"0.9583": [0, 0, 10],
						"1.0417": [0, 0, -2.5]
					},
					"position": {
						"0.0": [0, 0, 0],
						"0.9583": [0.1, 0, 0]
					}
				}
			}
		},
		"animation.sea_king.swim": {
			"loop": true,
			"animation_length": 2,
			"bones": {
				"Tail1": {
					"rotation": {
						"0.0": [0, 0, 0],
						"0.75": [0, -2.5, 0],
						"1.3333": [0, 7.5, 0],
						"2.0": [0, 0, 0]
					},